"Marca temporal","pregunta 1","pregunta 2","pregunta3"
"2022/08/26 2:22:44 p. m. GMT","Opción 1","Opción 1","Opción 1"
"2022/08/26 6:12:26 p. m. GMT","Opción 1","Opción 1","Opción 1"
"2022/08/26 6:29:16 p. m. GMT","Opción 1","Opción 1","Opción 1"
"2022/08/26 6:39:48 p. m. GMT","Opción 1","Opción 1","Opción 1"
"2022/08/26 6:40:45 p. m. GMT","Opción 1","Opción 1","Opción 1"
"2022/08/26 6:42:26 p. m. GMT","Opción 1","Opción 1","Opción 1"
"2022/08/26 7:05:17 p. m. GMT","Opción 1","Opción 1","Opción 1"